Store Name,Store Location,Address,City,State,Zip Code,Latitude,Longitude,County
Crystal,SWC Broadway & Bass Lake Rd,5537 W Broadway Ave,Crystal,MN,55428-3507,45.0521539,-93.364854,Hennepin County
Duluth,SEC Hwy 53 & Burning Tree Rd,1902 Miller Trunk Hwy,Duluth,MN,55811-1810,46.808614,-92.1681479,St Louis County
Bloomington,NWC 80th & Penn,2555 W 79th St,Bloomington,MN,55431-1250,44.8595041,-93.3112747,Hennepin County
Bridgeton,NEC St Charles Rock Rd & Natural Brd,12275 St Charles Rock Rd,Bridgeton,MO,63044-2502,38.7539909,-90.4258019,St Louis County